Модуль,Алгоритм/Метод,Техническая реализация,Параметры настройки
Context Analyzer,Bayesian Phase Classification,Gaussian Mixture Models для классификации фаз,"n_components=3-5, covariance_type=""full"""
Context Analyzer,Temporal Pattern Analysis,LSTM + Attention для анализа временных рядов,"hidden_size=256, seq_len=50, attention_heads=8"
Context Analyzer,Multi-Scale Trend Detection,Wavelet Transform + Statistical Tests,"wavelet=""db4"", levels=4, significance=0.05"
Multi-Agent Optimizer,MARL (Multi-Agent RL),PPO/SAC агенты с shared experience replay,"lr=1e-4, buffer_size=1M, batch_size=256"
Multi-Agent Optimizer,Consensus Algorithm,Byzantine Fault Tolerant consensus,"f=1/3, timeout=30s, quorum=2/3"
Multi-Agent Optimizer,Nash Equilibrium Solver,Iterative best response с конвергенцией,"tolerance=1e-6, max_iterations=100"
Adaptive Loss Controller,Gradient-Based Reweighting,Automated gradient scaling по GradNorm,"update_freq=10, momentum=0.9"
Adaptive Loss Controller,Dynamic Tversky Loss,"Адаптивные α,β параметры на основе FP/FN","A=0.3, B=0.4, eps=1e-8"
Adaptive Loss Controller,Focal Loss Adaptation,Dynamic γ factor основанный на class difficulty,"alpha=0.25, gamma=2.0, reduction=""mean"""
Dynamic Attention Supervisor,Attention Flow Analysis,Graph Neural Networks для attention flow,"hidden_dim=512, num_layers=3, dropout=0.1"
Dynamic Attention Supervisor,Monotonic Alignment Search,Dynamic Programming с constraints,"beam_width=8, max_iterations=500"
Dynamic Attention Supervisor,Self-Supervised Attention,Contrastive learning для attention maps,"temperature=0.1, projection_dim=128"
Meta-Learning Engine,Model-Agnostic Meta-Learning,Gradient-based meta-optimization (MAML),"inner_lr=1e-3, outer_lr=1e-4, n_inner_steps=5"
Meta-Learning Engine,Episodic Memory Networks,Differentiable Neural Dictionary,"memory_size=1000, key_dim=128, value_dim=256"
Meta-Learning Engine,Few-Shot Learning,Prototypical Networks для task adaptation,"n_support=5, n_query=15, distance=""cosine"""
Feedback Loop Manager,Kalman Filtering,Extended Kalman Filter для нелинейных систем,"Q_noise=1e-4, R_noise=1e-2, P_init=1e-1"
Feedback Loop Manager,Cross-Correlation Analysis,Sliding window cross-correlation,"window_size=20, max_lag=10"
Risk Assessment Module,Monte Carlo Simulation,Importance sampling для rare events,"n_samples=10000, confidence=0.95"
Risk Assessment Module,Confidence Intervals,Bootstrap sampling для uncertainty estimation,"n_bootstrap=1000, alpha=0.05"
Rollback Controller,State Checkpointing,Copy-on-write memory management,"checkpoint_freq=100, max_checkpoints=10"
